country,country_code,year,Prevalence of undernourishment (% of population),Crop production index (2004-2006 = 100),Agricultural land (% of land area),Food production index (2004-2006 = 100),Food exports (% of merchandise exports),Food imports (% of merchandise imports),Land area (sq. km),Population (Total),"Unemployment, female (% of female labor force) (modeled ILO estimate)","Unemployment, male (% of male labor force) (modeled ILO estimate)","Unemployment, total (% of total labor force) (modeled ILO estimate)",GDP (constant 2005 US$),GDP per capita (constant 2005 US$),Adjusted net national income (constant 2005 US$)
Arab World,ARB,1990,,60.42248719512388,35.02851697421116,59.19734642300954,2.5085808297213745,,13623991.0,221488293.0,,,,643711094805.0859,2906.298504928592,
Arab World,ARB,1991,8.020997010161151,64.61725681950983,35.11932736890387,61.66737728303955,2.9944879051638815,17.0276967781081,13623991.0,227470711.0,20.720339972596395,10.361367882087835,12.435999581044134,679732678998.1964,2988.220663706443,
Arab World,ARB,1992,8.292766222830478,66.42207650552892,35.273290663080054,63.30320521128927,3.685942153242237,16.469959800346334,13624011.0,231443007.0,20.50034650384591,10.684113289578313,12.676229955083825,708061332539.2083,3059.333447647473,
Arab World,ARB,1993,8.582133264416338,66.90372442415426,39.22765476334392,64.05356717073637,4.673843589515304,15.966471816526008,13624011.0,237418436.0,21.45008126822618,10.683472491238762,12.829532185669235,728542071831.1268,3068.5994066237,
Arab World,ARB,1994,8.88735374894487,68.44765539728733,39.37144501718326,66.43467236396336,,,13624011.0,243271554.0,21.226432818091503,10.795312651927256,12.911412158656884,753834121319.587,3098.73517443633,
Arab World,ARB,1995,9.138817045584736,67.81226887848692,39.472149574747114,67.29088090910156,3.6322827545154475,,13624011.0,250504422.0,21.491330652571467,11.087158706848426,13.229952275084566,774378704810.9114,3091.277585554603,
Arab World,ARB,1996,9.455172667325025,82.41860656439603,39.54143900793973,77.56352504179459,3.731475879657431,,13624011.0,255932514.0,21.254892158350398,10.969147249329824,13.073722093230145,809322640364.7374,3162.250187425336,
Arab World,ARB,1997,9.56757940314405,74.81977463004036,39.55487117560313,74.30435631151805,,,13624011.0,261260242.0,20.401767335410916,10.639737792958883,12.638923157769375,838392230617.5775,3209.0310573071333,
Arab World,ARB,1998,9.640639892149377,81.23172471677306,39.5907636891955,80.10243376793758,3.676879801511902,,13624011.0,266537558.0,19.933438752172062,10.565348334794095,12.532147264187191,867017646538.0033,3252.891086133547,
Arab World,ARB,1999,9.584447601818978,80.76787512478617,39.60225076154152,80.90986314684977,2.9520077250846155,17.062671224025145,13624011.0,271912978.0,19.32178517952802,10.646978054447874,12.49315314314932,878800762134.2386,3231.919155157937,
Arab World,ARB,2000,9.468631986874255,81.38805423176974,39.59569615732107,82.834182465443,1.9100402072318854,15.65656761978225,13624011.0,277561423.0,20.982841507340844,11.396700258073015,13.418655105930855,924443567147.7228,3330.590963095483,
Arab World,ARB,2001,9.31626410675692,82.7334434333322,39.630406933758344,83.3798604674203,1.9857972880580232,14.271323492062995,13624011.0,283493089.0,20.95740483440112,11.142005897035432,13.207509716572659,945767183142.992,3336.1207727465694,
Arab World,ARB,2002,9.211510197261806,88.60751563694261,39.71320193443766,89.1025469009214,2.5551620227634593,15.89933445842281,13624011.0,289680968.0,21.137221997863815,11.152530813029358,13.22257954680015,963530546619.0498,3326.178289417515,
Arab World,ARB,2003,9.249828952789615,94.28741844623228,39.88541842599192,94.36096911337302,2.451578519071738,15.539676645596018,13623831.0,296095945.0,21.133794245981957,11.74852504288185,13.72985141352095,1016265196186.8909,3432.215852151879,
Arab World,ARB,2004,9.361479674546391,96.3055424280998,39.99763355669456,96.23710084123807,2.473671261444218,15.213331983328718,13623821.0,302824676.0,20.03618071738376,11.199816890946172,13.068730167639895,1107929563855.1252,3658.650208066681,
Arab World,ARB,2005,9.46395844871399,98.45576576317382,40.097098973115564,99.01424733571089,2.2003885615110326,12.356905528903127,13623831.0,309824383.0,19.858200104480115,9.711207507348242,11.889214537040056,1176005290522.101,3795.7157507583934,738084333094.8295
Arab World,ARB,2006,9.574395249604644,105.23869180872622,40.116083577004545,104.74865182305125,2.213413363194034,,13623891.0,317125787.0,18.904262838233667,9.070148041374477,11.194918751176703,1261159956028.236,3976.84454474286,
Arab World,ARB,2007,9.719769125101491,99.2691936871466,40.16146318043329,102.25411803179138,1.9062926723635218,11.788265145953956,13623911.0,324693498.0,17.56914957100892,8.847068263536555,10.770831266558929,1333896335047.6975,4108.170761853991,
Arab World,ARB,2008,9.768352809574878,101.45083333755095,40.10119406887342,105.27700598797124,1.758861049486742,11.57504719485339,13623921.0,332424892.0,17.597192036641147,8.380164660713008,10.401024855590371,1418955091140.7156,4268.498314322128,
Arab World,ARB,2009,9.818182109470285,109.19945784561794,40.03162080639076,110.09785328907336,2.749206244672866,,13621411.0,340149038.0,18.16190866368643,7.987530815058424,10.22779715750879,1441206329303.2275,4236.984875151191,
Arab World,ARB,2010,9.818263420684774,105.1689591517883,40.07914163895476,109.0150223391196,3.211273457878364,,13621401.0,347737036.0,18.296255660246025,7.990462790783745,10.254666782825577,1518817580434.4707,4367.718773661114,
Arab World,ARB,2011,9.712985412403146,110.9053858987558,38.054885837367245,114.97450887064448,,,13621401.0,355137048.0,19.422016759353074,8.313482231835497,10.758005008102485,1605183131295.6084,4519.897713672521,
Arab World,ARB,2012,9.722600709254198,112.00577158551607,,116.70814908865724,,,13621401.0,362466629.0,19.51843721538397,8.355532240810778,10.818327903592783,1675054936736.3687,4621.266629034611,
Arab World,ARB,2013,,,,,,,,,,,,,,
Caribbean small states,CSS,1990,,92.3399176130318,6.456712362603433,84.89471624106243,10.539855551899379,17.75542921442557,404850.0,5962579.0,,,,28534789735.569332,4785.645563030584,
Caribbean small states,CSS,1991,12.640342797310405,96.00944061136047,6.4814128689638135,86.99541396158664,10.030353236880636,15.438961195809883,404850.0,6003431.0,22.21682113246989,12.982103135468444,16.891163735870677,28589715085.06265,4762.229312715121,
Caribbean small states,CSS,1992,12.511137156653602,104.45363353269862,6.496233172780042,94.14750442804663,11.57573517620578,16.12087340271357,404850.0,6047100.0,22.032618551116766,11.907932557382539,16.196108215212305,28188089061.590473,4661.422675594991,
Caribbean small states,CSS,1993,12.39969582693861,107.97713863666411,6.580214894405335,95.67196597907308,12.963947110028542,16.17596575626293,404850.0,6092913.0,22.519100167280975,13.131041345304096,17.081951704402403,28166644804.83791,4622.853601362421,
Caribbean small states,CSS,1994,12.094491754064823,109.0413891820139,6.567864641225145,95.65455280413201,13.17515971944478,17.56232014732427,404850.0,6139813.0,22.20576961358646,12.965521092326602,16.875286919373185,29129854097.57913,4744.420407849413,
Caribbean small states,CSS,1995,11.864233828755888,116.44924979580604,6.555514388044955,101.65910104986924,16.10149536038339,16.76551004893968,404850.0,6187109.0,22.137504078654146,14.090734104390325,17.46067417713987,30036523587.101704,4854.694427898668,
Caribbean small states,CSS,1996,11.491771093573064,120.68008815021452,6.538224033592688,106.00594862226767,14.35849380120653,15.5733228862008,404850.0,6243442.0,22.15573190364816,12.616989875205379,16.6118860561311,31160864343.327282,4990.975225416891,
Caribbean small states,CSS,1997,11.164757788348112,115.81641561711344,6.51105347659627,102.74539632803605,18.62152971648806,15.246116067636907,404850.0,6293504.0,21.72093049854835,11.872824226257986,15.963637173122985,32272713809.807217,5127.940462071243,
Caribbean small states,CSS,1998,11.126746218898663,106.22876909024228,6.48635297023589,96.51544436214036,18.730015309294966,15.754092530079593,404850.0,6342332.0,20.336929182310918,11.56939744504444,15.193352844604153,34013221920.132843,5362.888905868195,
Caribbean small states,CSS,1999,10.800253478598437,110.39534345836026,6.496233172780042,102.06027639416983,15.705841887430855,15.968575051048154,404850.0,6387127.0,20.659555114423593,11.22563492210375,15.118493249605411,35583601869.14729,5571.143625161562,
Caribbean small states,CSS,2000,10.35749333735528,104.10815773628167,6.420896628380881,98.23562888013619,13.792311967066023,13.912886801642985,404850.0,6431380.0,18.776252999117073,10.370657396411167,13.833323290125675,37061908961.177986,5762.66819270172,
Caribbean small states,CSS,2001,10.012132162214517,105.81035029040679,6.398172162529332,100.56407329883724,12.80346500389735,14.234168085455769,404850.0,6478705.0,18.8325344715507,11.25952348994188,14.395949904888772,37868484762.49284,5845.070081519817,
Caribbean small states,CSS,2002,10.02873718290106,102.32632965357362,6.3556872915894775,100.73489381654879,14.161949297583456,14.363466409474285,404850.0,6521269.0,18.142523412727915,10.667329924828422,13.764701566976639,39607892003.75611,6073.647936276837,
Caribbean small states,CSS,2003,10.325726913313586,104.13043854913033,6.3742126713597616,103.30384923140977,13.192888670108704,14.116772104891774,404850.0,6564985.0,16.84096858674789,9.765171323067584,12.71130394794461,42395728527.76064,6457.856115095563,
Caribbean small states,CSS,2004,10.298276442464443,104.24633496833424,6.346795109299741,103.5868038795314,12.349543559764697,14.138550010405945,404850.0,6609643.0,15.55519681783037,9.629407976923002,12.083475267030428,44513814120.44145,6734.677518958505,
Caribbean small states,CSS,2005,10.164984071695402,93.18765382532916,6.226503643324688,96.05001727068874,11.08358226478271,13.327767365290343,404850.0,6654820.0,14.887732991608596,9.29469187995188,11.662603169864255,46555084823.07594,6995.694071827028,32140467700.633118
Caribbean small states,CSS,2006,9.830273226604525,102.56601120633653,6.221588242558973,100.36317884978008,9.739855673277276,12.489123558079644,404850.0,6700409.0,13.753218614384807,8.629199395210303,10.80143764759609,50603831525.85222,7552.349644007138,
Caribbean small states,CSS,2007,9.784264651626296,101.24497155802896,6.204989502284797,100.72335592658783,9.40984326977736,12.989979903043345,404850.0,6746333.0,12.690337453234996,7.324148626304378,9.582154696661954,52352137411.61518,7760.087948759005,
Caribbean small states,CSS,2008,9.669882782812818,94.35824252258044,6.172409534395455,96.24565348660579,9.176230216280759,12.769462374666139,404850.0,6792178.0,13.375765639153911,7.686456236182165,10.10779828036879,53336686717.58874,7852.663272015065,
Caribbean small states,CSS,2009,9.54822715241338,98.87431781262293,6.21563542052612,99.84438516943008,11.337101224881229,15.591680414442111,404850.0,6837418.0,13.971472721138376,8.87687497840186,11.017234828131683,51358984280.7644,7511.45889877793,
Caribbean small states,CSS,2010,9.181667978370259,99.2054700102692,6.216376435716932,100.72365955527098,10.339147365072758,16.16102376266846,404850.0,6881636.0,14.595386175676431,9.492443403130007,11.664919617019851,51610785621.554726,7499.784298610784,
Caribbean small states,CSS,2011,8.669458048896306,101.8703402893109,6.229467704087933,100.61181925907043,,,404850.0,6924204.0,14.925019505351235,9.574408701342472,11.873088112524856,51675109960.93307,7462.967578790727,
Caribbean small states,CSS,2012,7.951461707429351,104.68617475613858,,103.78014259177202,,,404850.0,6964458.0,15.295457886294976,9.923843139697434,12.253208573473648,52610170355.7977,7554.093994937969,
Caribbean small states,CSS,2013,,,,,,,,,,,,,,
East Asia & Pacific (all income levels),EAS,1990,,59.2324321208012,50.724561356590506,55.343328608862215,8.26443358523603,8.656344103909149,24338380.0,1817972853.0,,,,5992604324830.549,3296.311226507929,5215975495269.313
East Asia & Pacific (all income levels),EAS,1991,23.911132150286157,59.91795505604826,50.76180464553663,56.66578635907655,8.056030880025869,8.134555321684381,24338380.0,1843760553.0,4.191123343954199,5.025198044990501,4.6786706418475035,6253213401971.263,3391.553958455506,5410034426262.265
East Asia & Pacific (all income levels),EAS,1992,23.378073377714003,62.62992596465202,50.99505658289121,59.753148919541644,7.716364798804278,8.086904513578748,24338380.0,1867846211.0,3.611029064493442,4.406567108571016,4.04954796657667,6447590765341.192,3451.88523946482,5560093721697.147
East Asia & Pacific (all income levels),EAS,1993,21.555372004284145,65.38610174240361,50.72593555660244,63.027326063732076,7.279610421908417,7.397862403811444,24338380.0,1891041219.0,3.7772634716159597,4.487878890821138,4.164839929394482,6654634641304.451,3519.0320414186863,5713333283172.6045
East Asia & Pacific (all income levels),EAS,1994,19.309705735769064,66.4721670591336,51.2329083873516,65.57673447092247,7.083914387647893,7.851217623586493,24338380.0,1914256532.0,3.795967954199661,4.505949763307951,4.183709143037734,6916522548247.078,3613.1638746562094,5967112340142.567
East Asia & Pacific (all income levels),EAS,1995,17.87132737951163,70.93088229876602,51.05577796601872,69.91474211326523,6.244896720367355,7.950255219707188,24340240.0,1937308013.0,3.8097190313275173,4.548274364802462,4.215257707235598,7221622074178.256,3727.6581863692813,6212602000505.529
East Asia & Pacific (all income levels),EAS,1996,16.98854463564232,75.48201061994808,51.12014698761376,73.92388888974757,6.254834579128042,7.741163095009715,24340140.0,1960043193.0,3.8316242030172365,4.6573711484038425,4.312558504436697,7550623607603.143,3852.2740899634564,6500963991508.372
East Asia & Pacific (all income levels),EAS,1997,16.616899513158934,77.026353596812,51.410436005382856,75.69063555777021,6.045844179788072,7.218164299083981,24340140.0,1982353941.0,3.9645615087160113,4.753429335855182,4.395518370802188,7814667955667.888,3942.115378107389,6738354319781.794
East Asia & Pacific (all income levels),EAS,1998,16.373806034922765,78.30861132437656,51.55767005213765,78.3709931756592,5.759225930637288,7.515151322970854,24340140.0,2003878640.0,4.3046241438198525,5.188975774267686,4.793145159185607,7743888060140.856,3864.449625622466,6673238496698.402
East Asia & Pacific (all income levels),EAS,1999,15.906828686908883,81.65587687355621,51.224751005993795,81.60264330807385,5.382756522210184,7.126806338315845,24340140.0,2024110433.0,4.265492326976982,5.282690173949385,4.852960877699893,7957655304742.218,3931.4333719173205,6772960112284.689
East Asia & Pacific (all income levels),EAS,2000,15.797141721120376,85.2562700930251,51.435244302946025,84.91875631419204,4.640403023521192,6.153023003730524,24325710.0,2043379556.0,4.141259715909463,5.120443549778504,4.681555653831943,8309869065282.152,4066.7281029027545,6976457917635.186
East Asia & Pacific (all income levels),EAS,2001,15.297914318909683,87.66192244796633,51.42062555839902,86.83194236610677,4.841717244939623,6.47401351603088,24323756.0,2061910900.0,4.530028235128329,5.2185307364816165,4.900542342629868,8497706225970.528,4121.277125005997,7128680496605.969
East Asia & Pacific (all income levels),EAS,2002,15.173317385671288,90.20407353411414,50.91078027275652,89.74064398058154,4.853081679389982,6.404299712980152,24323272.0,2079495780.0,4.45974527075163,5.25718771684693,4.897107108177935,8783926537205.149,4224.065574783302,7341348121264.714
East Asia & Pacific (all income levels),EAS,2003,14.803467135344714,91.89766134286066,49.971419730447955,92.56864132844672,4.463869232257447,6.158378844447068,24322814.0,2096269504.0,4.506749822874738,5.158356023324805,4.854165953300735,9130764066318.664,4355.720506783971,7652478337570.428
East Asia & Pacific (all income levels),EAS,2004,14.435559335402969,97.26073336408363,50.36263780555681,96.89456366008054,4.3810558137197955,5.85208209949497,24322717.0,2112499255.0,4.498318325370691,5.160887620929446,4.861493230609227,9578077314217.46,4534.002694461286,7981323729314.434
East Asia & Pacific (all income levels),EAS,2005,14.101158522530662,100.1936239097047,50.33285566184399,100.27420281139936,3.968452168961525,5.312295985143016,24322687.0,2128481616.0,4.316836034227767,5.0099069829261715,4.687232420974897,10004068486945.545,4700.096261928694,8250965491134.542
East Asia & Pacific (all income levels),EAS,2006,13.643971345302145,102.54564272621181,49.999117725860714,102.83123352852024,3.7548295664642195,4.900586337553695,24322832.6,2144169184.0,4.152978571020821,4.780837241882529,4.5254049701236685,10526026196867.56,4909.139761644648,8635677004647.401
East Asia & Pacific (all income levels),EAS,2007,13.091800250409726,107.24116605260974,49.32574789578,107.3824849115863,3.9810910325235187,5.196959331371013,24322924.2,2159198132.0,3.8141265178451604,4.532531803193484,4.241534039484191,11169400906373.404,5172.939315220473,9128613952162.383
East Asia & Pacific (all income levels),EAS,2008,12.468901839856429,113.63812978174288,49.07705960442363,112.76591185390713,4.294811178716504,5.569410035843816,24322829.2,2174420564.0,4.081799810323705,4.959018030591566,4.586219034718201,11499764977634.326,5288.657202762881,9149778415249.217
East Asia & Pacific (all income levels),EAS,2009,12.083046623291368,115.8460287290072,48.90916856684865,115.8529535132695,4.895620146712478,6.377308469308554,24322889.5,2189190458.0,4.093016994258206,5.066234862830361,4.648548299238113,11551021483099.041,5276.389471225733,9536750289057.191
East Asia & Pacific (all income levels),EAS,2010,11.694322760854302,118.29379642701466,48.6173195100272,117.89619439908253,4.890803495386774,6.022092645912498,24322849.7,2203762070.0,3.9555936877118634,4.7412544682301245,4.407032467077359,12349223130065.293,5603.700734383405,9845806434570.63
East Asia & Pacific (all income levels),EAS,2011,11.353414103369321,123.89928974461199,49.085542338518174,121.1222629145509,5.283038500301017,6.1644638561492116,24322879.9,2218962237.0,3.9610391573243127,4.679190935561386,4.3465794387672165,12829521848724.904,5781.766645145888,10058652721222.176
East Asia & Pacific (all income levels),EAS,2012,11.058403137478354,128.18113056477296,,125.22146100082752,5.449792394845424,6.24619843269651,24322879.9,2233783501.0,4.021664338062056,4.794848450779665,4.465235877948632,13382780055534.357,5991.081969019502,10673645200196.117
East Asia & Pacific (all income levels),EAS,2013,,,,,,,,,,,,,,
Euro area,EMU,1990,,90.62036778717132,50.96514522821577,95.87611404323802,10.418593095276929,10.517040844968058,2582820.0,307681474.0,,,,7592100219704.738,24675.194515301686,6514160103707.631
Euro area,EMU,1991,,90.80367032097189,49.6356846473029,96.18654457646186,10.78261953561149,10.953772403589705,2582820.0,308904698.0,11.402366312198073,6.668234287682656,8.60016722441197,7781450919881.567,25190.458320195467,6666167837447.908
Euro area,EMU,1992,,93.94943520422693,48.73189449273807,97.82480831969356,11.079775676293774,11.18293351213414,2582826.0,310334495.0,11.86294290960611,7.381872933243033,9.170781850691352,7880465267394.6045,25393.455752943624,6762618775512.553
Euro area,EMU,1993,,89.59819259362645,48.65503388549552,94.36373967526137,11.092888935202277,11.523808063440926,2582816.0,311591506.0,13.191726316258915,9.08147905058759,10.766768048734791,7824754640047.593,25112.220613766003,6709721408917.352
Euro area,EMU,1994,,87.89616659524631,48.57275381890858,92.82793382533963,10.764440969681685,11.619638341514825,2582806.0,312487408.0,14.053155363681647,9.933873238126807,11.626230408006704,8017173882651.413,25655.99021721673,6859510736291.493
Euro area,EMU,1995,,86.48660048303817,47.83536911161393,92.56655084792149,10.355266333827243,11.210592019323887,2582796.0,313279377.0,13.826177218660462,9.5093934838516,11.293234749862851,8212810203592.086,26215.610750503012,7058614228214.756
Euro area,EMU,1996,,96.14585762845603,47.90021318065066,98.0665013637803,10.112837758795216,10.87079087955311,2582786.0,314081634.0,13.89716009179739,9.820120413134534,11.542281081126879,8343373049599.139,26564.34552807739,7181645483300.462
Euro area,EMU,1997,,97.21264005275886,47.717042248831284,98.14143718827253,9.428566142220214,10.198969179231431,2582746.0,314817823.0,13.918264494491387,9.861093358196445,11.570980713322854,8564264661766.347,27203.874863737772,7379650093157.193
Euro area,EMU,1998,,95.55142593252796,47.74005349407368,97.92579170829116,9.309923679881658,9.93703204875796,2582716.0,315487077.0,13.390462611859,9.244194776349472,10.988350595541071,8807059636560.176,27915.754015370258,7598240183714.175
Euro area,EMU,1999,,100.47288429372809,47.60450013861592,101.78852743645587,9.116869115710232,9.432760160112288,2582676.0,316375290.0,12.557006207372146,8.640340421464035,10.288690057659803,9065578242962.488,28654.507888281947,7838787399796.207
Euro area,EMU,2000,,102.1253161732976,47.30761170994648,101.83741194784275,7.799377882335743,7.863984781549383,2615076.0,317590469.0,11.376954814293617,7.763885310436732,9.266947135893687,9412849659732.076,29638.32538605583,8031611754190.0205
Euro area,EMU,2001,,98.76885360165332,46.97794569305723,99.81843466787467,8.007837707105065,8.360357222392592,2614546.0,319058482.0,9.884959268607275,7.044550050421418,8.248080335825433,9602619750053.203,30096.738660134422,8178903441771.96
Euro area,EMU,2002,,98.22739598689132,46.70813980434611,99.88564359516256,8.302943318899292,8.770079861056507,2615026.0,320855222.0,10.058368694625909,7.536359836769664,8.637712189858838,9693985701054.709,30212.959105445723,8276431413797.569
Euro area,EMU,2003,,94.33591282576602,45.08340898123499,98.0338031555057,8.380221936216572,8.726828454973123,2615186.0,322850662.0,10.114386791196381,7.835137325868562,8.861251405814327,9767424470556.2,30253.69193932828,8362366067257.604
Euro area,EMU,2004,,105.42634084607394,46.281259727139165,102.6770203080887,7.979619555948189,8.165516502655846,2615106.0,324898214.0,10.441650753901259,8.141351245417846,9.151887586689798,9984805039349.541,30732.101960245127,8600291454875.114
Euro area,EMU,2005,,98.29548554075697,44.66826719735553,99.25240044504449,7.957171180362035,7.973415130663833,2614966.0,326810374.0,10.152989447453807,8.109242038979826,9.003914737017297,10158579443727.238,31084.01768092967,8694089568865.654
Euro area,EMU,2006,,96.27817361316886,45.85630921197581,98.07057924686686,7.760412035984486,7.559645275690958,2614336.0,328577670.0,9.520827260899742,7.414568435878263,8.34831936793818,10490988617263.68,31928.48928919509,8975816152114.096
Euro area,EMU,2007,,94.74608398478084,44.154902317782,97.94893600931947,7.895056532261882,7.806557075363686,2614396.0,330497820.0,8.543424441430746,6.611272102948223,7.458346504590638,10806609180425.848,32697.97416644336,9223383802400.717
Euro area,EMU,2008,,97.7912675438046,45.59653247921844,99.70210777290946,8.388194967909223,8.185404619846096,2613856.0,332251440.0,8.344246268474738,6.8452201995311945,7.511613674544542,10847297018812.41,32647.85554823302,9093581700089.863
Euro area,EMU,2009,,100.57524643339555,45.27740910626501,101.80620844944627,9.431398796517506,9.562901066309948,2613739.0,333485336.0,9.727371952254856,9.336290222247335,9.501178710515902,10363218665087.207,31075.48532534938,8765949826620.322
Euro area,EMU,2010,,95.6031021049993,45.24969392752204,100.35903811228677,8.920044639911357,8.774658514042889,2613760.0,334472906.0,10.312852063429787,9.940630079400417,10.099034796261305,10568326643997.436,31596.95884006053,8851630847806.396
Euro area,EMU,2011,,98.99037177759931,44.92265200345716,101.9790817641175,9.314327470780963,9.11900421734054,2613707.0,335325408.0,10.398582963661143,9.928719194819388,10.126471612550777,10739346507194.607,32026.641140162596,9067165403528.19
Euro area,EMU,2012,,90.07195287949911,,96.77539039590218,9.344607612270602,9.267344337742378,2613707.0,333252928.0,11.553144432705313,11.248938172950627,11.372856981640421,10669621628613.08,32016.587799081783,9032775941219.549
Euro area,EMU,2013,,,,,,,,,,,,,,
Latin America & Caribbean (all income levels),LCN,1990,,63.811367971661866,33.92640291670087,59.56482929915058,22.916109449504216,11.847403093261981,20172364.4,444190971.0,,,,1815502166282.11,4087.210872825486,1454257772825.732
Latin America & Caribbean (all income levels),LCN,1991,15.135755768185303,64.84942422362926,34.1428929211784,61.30689878352496,23.591283100112527,10.509748572370377,20172364.4,452409851.0,10.71338369047876,6.790593517615614,8.145291552762359,1881540580953.2747,4158.929291204304,1522577206388.125
Latin America & Caribbean (all income levels),LCN,1992,14.825989044813454,66.76970581624036,34.26891023086054,62.82995182548786,21.61630378078383,9.490128674448112,20172364.4,460630267.0,8.361564553196699,5.699495092788688,6.639032298409703,1938860609960.972,4209.147224711076,1576779582236.9656
Latin America & Caribbean (all income levels),LCN,1993,14.592044844641615,65.40873366753029,34.47231267839233,63.54685470646152,21.508964343336373,9.017409755998782,20172364.4,468852274.0,8.528198128571042,5.78461577841791,6.750781293141368,2013924849103.9268,4295.435813763222,1638716118272.3245
Latin America & Caribbean (all income levels),LCN,1994,14.321790192288734,69.72920528283251,34.524167165381904,67.44813482939772,22.340892941071644,9.678602833064375,20172364.4,477061964.0,8.559356002509626,6.0802553023660035,6.982969107006529,2109130723462.9417,4421.083386691758,1738377677918.049
Latin America & Caribbean (all income levels),LCN,1995,13.91028394479116,72.61659012575564,34.91833067021379,71.28774168021599,21.93928019778246,8.725348762420257,20172364.4,485244174.0,9.820710043717067,6.961681697654733,8.020517335103957,2128382793329.023,4386.209886425186,1720635412240.3381
Latin America & Caribbean (all income levels),LCN,1996,13.711873088415848,73.12748956856025,35.08237129874966,72.15227908216814,21.66741463105353,9.778274880557522,20172364.4,493412634.0,10.430464344933103,6.946210993155094,8.2286837826727,2208132774485.803,4475.225444847047,1781684576877.6487
Latin America & Caribbean (all income levels),LCN,1997,13.56372781153343,75.89798016620202,35.14577654622545,75.10934077567092,21.814776709579526,8.384913659264145,20172364.4,501523719.0,10.330975010535806,6.521226196297283,7.963311907307979,2327097743177.653,4640.055205799056,1898955686951.9634
Latin America & Caribbean (all income levels),LCN,1998,13.391014108042791,77.70402854951207,35.259831630803056,76.39619339829787,21.886109284680867,8.54848663842746,20143884.4,509715182.0,10.53117728103961,6.72501980164689,8.179047885799203,2384177017328.1226,4677.469107302601,1951190413054.3018
Latin America & Caribbean (all income levels),LCN,1999,13.078521688256489,81.53314409816662,35.30026184321259,81.21140904949068,20.503263957648787,8.318823246563129,20143884.4,517592150.0,10.75154262041626,7.21166459248126,8.583151835332194,2395329681778.103,4627.832322762436,1941364295384.1733
Latin America & Caribbean (all income levels),LCN,2000,12.660661705231654,82.62886471234373,35.262025903136674,82.79109959302504,17.804816089738377,7.453447248605797,20143884.4,525299778.0,10.886128992202908,7.324964086603033,8.723350219450861,2494423138053.516,4748.5707067127605,2006165416619.973
Latin America & Caribbean (all income levels),LCN,2001,12.519366458748289,87.19871356289504,35.18479446717706,85.84674980664771,19.239019232584955,7.971157362664011,20143884.4,532840550.0,10.693527984720637,7.465506667423768,8.708275954716294,2507823979673.0977,4706.51863802989,2013635580323.2502
Latin America & Caribbean (all income levels),LCN,2002,12.208870407800136,89.18815476388178,35.25860101074642,88.39181981175109,19.251385728323932,8.380211881812663,20142874.4,540217803.0,10.994883113111525,7.597992655165463,8.955618081434597,2517179533851.7305,4659.564197760677,2020233801568.3682
Latin America & Caribbean (all income levels),LCN,2003,11.968579411187916,95.78484179090138,35.480652904884195,93.71074109735972,19.544393486580777,8.795814008073792,20142884.4,547443994.0,11.312554449393671,7.403571572287847,8.953692915988624,2563406424992.6777,4682.499859506501,2043984333329.6638
Latin America & Caribbean (all income levels),LCN,2004,11.527942823627765,98.00741277544013,35.80598938694479,96.44208341510675,18.48259232558407,7.928396289258792,20142894.4,554534410.0,10.644015207414276,6.740252658463515,8.31793577932497,2710964831794.169,4888.722472234264,2156427986016.9692
Latin America & Caribbean (all income levels),LCN,2005,11.282133293275681,99.08718821149252,35.99392316463705,99.77181820518032,17.387406613660414,7.18667931470106,20142924.4,561502779.0,10.193143079278705,6.486652479753871,7.991511546684237,2827090726757.9585,5034.865066550202,2238740853021.997
Latin America & Caribbean (all income levels),LCN,2006,11.037770873370778,102.90539901306744,36.02711983120964,103.78609837971334,16.69693764796944,6.688809435342739,20142914.4,568336456.0,9.306243635476513,5.888348373666545,7.282503922546994,2978321463243.1836,5240.419529313431,2376715821902.748
Latin America & Caribbean (all income levels),LCN,2007,10.619329310855754,110.60829035095574,36.22987726581828,109.9757629007209,18.932286465657846,7.146932876801405,20142924.4,575047293.0,8.910233413402091,5.598762643588489,6.962397818705406,3137856136910.915,5456.692301846754,2533582816193.32
Latin America & Caribbean (all income levels),LCN,2008,10.21323303864466,114.68088754369946,36.395558183953526,112.86872330380805,17.63118004207018,7.863859307066697,20142924.4,581691361.0,8.552823709292092,5.283673636314305,6.6216117302771735,3258916855626.303,5602.48453754551,2624621886888.1875
Latin America & Caribbean (all income levels),LCN,2009,9.74208514169618,108.2887327237644,36.37034916210548,111.23269793973661,20.280671067417014,8.453734605382882,20142924.4,588333069.0,9.304389213186564,6.279948810252188,7.542733530255167,3208295298007.6455,5453.195591165462,2634110923680.198
Latin America & Caribbean (all income levels),LCN,2010,9.436528651857545,120.02108602463736,36.53163139710517,118.21296165563918,18.65628112079253,7.763015828690923,20142924.4,595022397.0,8.967882155535303,6.020814314231217,7.250720079406312,3389540521398.2637,5696.492331192474,2809780078951.4863
Latin America & Caribbean (all income levels),LCN,2011,9.238528902106172,124.9218924134496,36.72783103416913,121.7183597034811,18.394443457376212,7.869590820974608,20142924.4,601768532.0,8.200251586897746,5.539946814323845,6.646329911625728,3533540738229.688,5871.926746461525,2870313416287.967
Latin America & Caribbean (all income levels),LCN,2012,9.114389887827846,121.9989168073497,,119.88574580223049,20.70534758236966,7.228016235383572,20142924.4,608561443.0,8.088112780282955,5.506698535936543,6.595176283201098,3637175440421.732,5976.677428809324,2971368405673.905
Latin America & Caribbean (all income levels),LCN,2013,,,,,,,,,,,,,,
Middle East & North Africa (all income levels),MEA,1990,,60.86209628714688,29.593027601302655,59.46152569192644,,,11238600.0,254096959.0,,,,801587250303.8567,3154.651096410236,
Middle East & North Africa (all income levels),MEA,1991,7.230451532140555,62.98339804716927,29.829996618795935,60.88142280724856,3.341551180595393,15.619946245428869,11238600.0,260585026.0,20.734555974419084,9.929835541897306,11.848449204168828,856241326582.2494,3285.842397491594,
Middle East & North Africa (all income levels),MEA,1992,7.445990581940925,66.00334953046276,29.992267733938863,63.97643355406987,3.3922351118799745,15.169749111019156,11238620.0,264594683.0,20.677485009779158,10.401209448674322,12.266583279978414,892997481683.0125,3374.96381846423,
Middle East & North Africa (all income levels),MEA,1993,7.671689695818606,68.13886285620765,34.57541940202623,65.93712335714925,4.084834914534635,14.519023157921117,11238620.0,270365050.0,21.356561032343436,10.30522616635346,12.28383639945351,915005426323.6951,3384.3332424945274,
Middle East & North Africa (all income levels),MEA,1994,7.9192975945914466,68.8639124792274,34.6232900480664,67.44238426906591,,,11238620.0,276017382.0,20.90341345511478,10.309047231616834,12.253693150886173,945573252274.2756,3425.774295164772,
Middle East & North Africa (all income levels),MEA,1995,8.129210963730891,69.27944205399662,34.60976525587661,68.37495818907749,,,11238620.0,283211762.0,21.020986896312454,10.486346187421365,12.459694076069004,974541394534.8914,3441.0343258797684,
Middle East & North Africa (all income levels),MEA,1996,8.401758702643509,80.87669926303944,34.6330777266248,77.15879708562794,,,11238620.0,288812679.0,20.64837981313601,10.400574338102752,12.299264972902034,1022719954968.7324,3541.1186188565234,
Middle East & North Africa (all income levels),MEA,1997,8.488442705341496,75.53813588972463,34.56954679489119,74.83602545157092,,,11238620.0,294471698.0,19.4883820263152,10.183369779384453,11.929506026710298,1057947126528.6869,3592.6954397114487,
Middle East & North Africa (all income levels),MEA,1998,8.539149880750836,81.69728805528887,34.67356312429818,80.09167506181745,3.4036212020786896,16.49085446762725,11238620.0,300150805.0,19.2874813711879,10.126794641874229,11.882778578349198,1093790300330.5377,3644.1358214266247,
Middle East & North Africa (all income levels),MEA,1999,8.484278002317234,81.8626776625735,34.56692191745962,81.12841690074472,2.537083388557223,15.996994588832015,11238620.0,305898816.0,18.65735719987229,10.208645907128785,11.858049306069233,1111627983745.3489,3633.9728223902275,
Middle East & North Africa (all income levels),MEA,2000,8.38927359911663,80.58593594166992,34.46812864924697,81.79156277471509,1.8748290591186876,14.60997694023696,11238620.0,311791217.0,20.606270635081962,11.183199530415733,13.036635731611227,1174089945070.2822,3765.6286676936197,
Middle East & North Africa (all income levels),MEA,2001,8.273454580077772,82.19230559334463,34.55015829345596,82.62922233376183,2.084952551402642,13.360841645940273,11238620.0,317805287.0,20.38413771313198,10.816905756635245,12.711082709436438,1199072310661.2668,3772.9778569142145,
Middle East & North Africa (all income levels),MEA,2002,8.208758200028749,90.005760076664,34.61466799304541,89.31502753528648,2.47337297439471,13.717201125525419,11238620.0,323928401.0,20.8286388287417,10.93283231237997,12.879991085590165,1226306200439.104,3785.7322687772103,
Middle East & North Africa (all income levels),MEA,2003,8.269407616420887,94.14634856566646,34.66705343446243,93.54431487697549,2.529548456039298,13.360667919748757,11238440.0,330179555.0,20.640965142752652,11.316515199987107,13.205102217392454,1290542600411.0117,3908.608455211625,
Middle East & North Africa (all income levels),MEA,2004,8.409014059129253,95.80257872752318,34.81332356921741,95.70999667098603,2.301101878088741,12.833945638719024,11238430.0,336707719.0,19.00894746865106,10.444333634011594,12.195040245681213,1395753070016.897,4145.295730558814,
Middle East & North Africa (all income levels),MEA,2005,8.576409258856353,99.8682700621062,33.36983602706425,99.9647828662105,2.290313910214011,11.012524649922655,11238440.0,343510995.0,19.316222662770894,9.482256551226637,11.541164563160137,1476660940652.9634,4298.729770361392,944302221185.6948
Middle East & North Africa (all income levels),MEA,2006,8.744360876022279,104.32915121037023,33.35633314054367,104.32522046280346,2.4280979865487167,10.71238464736484,11238500.0,350621934.0,18.233310843469216,8.83097346824092,10.799405637821447,1577497222370.725,4499.140154679328,
Middle East & North Africa (all income levels),MEA,2007,8.851472968702678,101.64423545322781,33.394308147336126,103.91183042856775,1.965175443170511,11.091372006174824,11238520.0,357997667.0,16.68076158086267,8.442399276744686,10.186421562701469,1672664181400.66,4672.276764866906,
Middle East & North Africa (all income levels),MEA,2008,8.798083526739935,100.6654542042308,33.324411644583414,104.03526357371469,1.826789130997708,10.961753939396981,11238530.0,365551442.0,16.84559580688615,7.967269586935731,9.81053509933907,1764441617968.4316,4826.79430373696,
Middle East & North Africa (all income levels),MEA,2009,8.796582052032727,108.6146191165238,33.30530383534383,109.9538380100821,2.7551727486023916,,11236020.0,373173863.0,17.4594298415486,7.999727774159059,9.986704571916963,1796161741574.4653,4813.20349483979,
Middle East & North Africa (all income levels),MEA,2010,8.769937126289493,107.36077637368913,33.37107745543124,109.39220575298356,3.4834009294002817,13.804960400114757,11236010.0,380656782.0,18.172022563978047,8.209909309863336,10.280436964756877,1895115390726.5745,4978.540985844236,
Middle East & North Africa (all income levels),MEA,2011,8.666210558266851,110.61100901745534,33.39039926094761,112.66154907280661,,,11236010.0,388001596.0,19.14216811742888,8.426861488843217,10.666526500924682,1997207940247.12,5147.421971550653,
Middle East & North Africa (all income levels),MEA,2012,8.68790217298527,112.65483222718969,,115.25203762299581,,,11236010.0,395316900.0,19.144478935652778,8.454669130219603,10.700651136120957,2070744783347.27,5238.189369964375,
Middle East & North Africa (all income levels),MEA,2013,,,,,,,,,,,,,,
Pacific island small states,PSS,1990,,95.53194854924179,12.046467218332273,94.03994081260844,64.04140682370064,17.509409452327187,62840.0,1683615.0,,,,3671290033.9139194,2180.5995039922545,
Pacific island small states,PSS,1991,11.45196165657775,85.41723162838433,12.316995544239338,86.90304974502035,65.53708399630749,,62840.0,1710297.0,,,,3657917809.5028615,2138.7617527849616,
Pacific island small states,PSS,1992,11.24636462186293,87.73337937752471,12.539783577339275,88.47881653699585,60.31117176457713,,62840.0,1739802.0,,,,3840352324.229687,2207.350218145333,
Pacific island small states,PSS,1993,11.108033677668821,91.10081596424486,12.539783577339275,90.58025113314527,58.659917781406364,19.576320853114904,62840.0,1770870.0,,,,3929499549.9415603,2218.9655649153015,
Pacific island small states,PSS,1994,10.474664189515215,91.25235463144082,12.523870146403565,92.11851934565291,61.27372031954197,,62840.0,1801594.0,,,,4128901130.4659033,2291.8044412147815,
Pacific island small states,PSS,1995,9.749661427663355,95.10591972987723,13.111561234029292,94.90727374877471,,,64180.0,1830581.0,,,,4290247063.610059,2343.653224637456,
Pacific island small states,PSS,1996,8.83320234334069,96.46579751986962,13.142723589903397,96.17751951306126,,,64180.0,1857591.0,,,,4436664532.584179,2388.3968713156873,
Pacific island small states,PSS,1997,8.376521738042715,97.73624681778466,13.127142411966345,97.11549891170479,,,64180.0,1883077.0,,,,4379845023.590605,2325.897997580877,
Pacific island small states,PSS,1998,8.121111035766683,88.73995740000541,13.002492988469928,89.79413903506918,,,64180.0,1907187.0,,,,4465702848.122453,2341.51283965466,
Pacific island small states,PSS,1999,8.157810880175306,93.84346838970238,13.01495793081957,94.02967794584453,,,64180.0,1930254.0,,,,4689462907.780074,2429.4537961222068,
Pacific island small states,PSS,2000,8.259685329771255,93.97780071278378,12.986911810532876,94.09498861636256,39.66254623875496,15.164187261265036,64180.0,1952589.0,,,,4654128917.407397,2383.5681330824855,
Pacific island small states,PSS,2001,8.002203347039309,87.7538577443903,13.028980990962916,89.19685987748328,46.73433680731386,20.41904123661136,64180.0,1974075.0,,,,4714792217.043471,2388.3551623132207,
Pacific island small states,PSS,2002,7.842216733881594,89.71388822864161,13.060143346837021,91.19401075159521,50.329806854484,20.855823934659533,64180.0,1994790.0,,,,4808825812.857513,2410.6927610713474,
Pacific island small states,PSS,2003,7.627846111189256,86.2351153367942,13.122468058585229,88.9711479874843,48.49246697281531,19.452979019631197,64180.0,2015471.0,,,,4907566544.777663,2434.9477341909974,
Pacific island small states,PSS,2004,7.568848227269945,95.90984087274394,13.12246805858523,96.31610994877126,47.86581149877851,19.046801663673477,64180.0,2037106.0,,,,5115011585.18895,2510.920681196241,
Pacific island small states,PSS,2005,7.4587996123193046,99.90789709601071,13.231536304144594,99.9130241637112,59.68286206458299,16.703492110044404,64180.0,2060378.0,,,,5214349168.29613,2530.773075763831,4654049352.184588
Pacific island small states,PSS,2006,7.426950016281795,104.18226203124507,13.234652539732004,103.77086588751713,61.549192049003,16.43456105897375,64180.0,2085616.0,,,,5330879271.607852,2556.021468768868,
Pacific island small states,PSS,2007,7.438633444165202,100.36465530584228,13.240885010906824,101.69938600070421,60.26655510809462,18.022708809959553,64180.0,2112600.0,,,,5380622639.408437,2546.919738430577,
Pacific island small states,PSS,2008,7.486929909576428,102.06250494974738,13.217513244001246,102.99448257386383,58.17508073996533,19.060249500365778,64180.0,2140772.0,,,,5482490938.633953,2560.987783208092,
Pacific island small states,PSS,2009,7.395658964311332,99.63127746469988,13.201932066064195,99.44016461616228,61.882613836561084,23.428084806011746,64180.0,2169285.0,,,,5416159851.677637,2496.748860420663,
Pacific island small states,PSS,2010,7.440342996113948,101.59390905467644,13.2034901838579,102.0095742837812,56.70588455794766,20.565991766302986,64180.0,2197519.0,,,,5485688832.774218,2496.3100809477496,
Pacific island small states,PSS,2011,7.6049869337641365,102.56791318949924,13.2034901838579,104.78843848931083,57.12190336545499,22.614300341727567,64180.0,2225298.0,,,,5635813345.954083,2532.6106193211353,
Pacific island small states,PSS,2012,7.878318055022315,100.83916119623453,,102.34082531295637,57.18343185076545,22.181223337007474,64180.0,2252782.0,,,,5773784966.842418,2562.9576971240085,
Pacific island small states,PSS,2013,,,,,,,,,,,,,,
South Asia,SAS,1990,,71.62346694254012,54.89300091223313,68.63541969799341,15.6119556335563,7.080483132557493,4779480.0,1134976416.0,,,,457454879987.86084,403.0523220914758,396613914745.71625
South Asia,SAS,1991,26.58937061712335,73.35613612191362,54.9126683237507,69.86109230268403,16.350951865727286,5.7947220101928885,4779480.0,1159717830.0,4.85196601039956,4.0770064530261765,4.329940794202461,465959670300.5951,401.78710566224123,402745951473.4853
South Asia,SAS,1992,27.284064894165684,75.28700690986109,54.73210474779683,72.29762459136589,15.368559462792373,7.000409294929308,4779480.0,1184516870.0,4.666595370268749,4.014515273635026,4.235315796705958,492540777196.21765,415.8157554955023,428527074334.6463
South Asia,SAS,1993,28.29364395896704,77.80656241275452,54.777297948730826,75.23006276360115,15.782477237938265,6.0923187403434955,4779480.0,1209467291.0,4.584535971163616,4.117882734607808,4.310020633355878,514128285217.80304,425.0865559106741,455373356594.10693
South Asia,SAS,1994,28.412480807401533,79.56712235926794,54.83580395163431,77.10134983686424,15.636093260012075,6.7269040288814805,4772557.0,1234465285.0,4.217815325233209,3.642764469530932,3.8210989830229733,545455128392.7052,441.8553806417531,487358258382.4852
South Asia,SAS,1995,25.97189506341101,82.06310380607061,54.79494535109795,79.7685868741185,17.189053182918133,7.298672572066828,4772557.0,1259426817.0,4.459482158790456,3.874195854319348,4.072938821619269,583494349296.2491,463.3015125770894,518556584312.52594
South Asia,SAS,1996,23.68475540329288,85.16363622608971,54.8345467639255,82.78759051482768,16.71975980709926,7.2421576421272364,4772557.0,1284262004.0,4.496751170464515,3.886019972378453,4.093697725766923,623772930241.5731,485.7053531901993,539482466308.00073
South Asia,SAS,1997,22.83229722882713,85.3321842810445,54.90976849516936,84.07200450576896,16.114970341129876,8.477441707259452,4772557.0,1309016962.0,4.874178058852655,4.299339373797002,4.456892621701125,647647397944.4965,494.7585988152356,581074376149.026
South Asia,SAS,1998,21.21535466583091,88.07640341671035,54.97975194429318,86.69612035199816,15.98922319678712,11.120061116669042,4772557.0,1333616347.0,4.310021545648277,3.7091971074933827,3.9134107659526944,684031416797.7993,512.9146911977672,623209226241.8567
South Asia,SAS,1999,21.05149073680807,92.75320570677387,54.932188342643165,90.90732103599936,14.750403796512648,9.20157145326152,4772557.0,1358111216.0,4.467673911910067,3.8527316260089877,4.05858171961249,737610232591.7974,543.1147492944328,666827833218.2234
South Asia,SAS,2000,21.23708145509769,91.56624447512814,55.26820447161447,90.93316769122931,12.54297650430726,7.297240531277212,4772907.0,1382195669.0,4.711849504270101,4.352590475171874,4.47548511882146,767797000219.061,555.49081612631,679151340389.6213
South Asia,SAS,2001,22.40515347640342,92.98348827205986,54.8602769758556,92.89816915228889,12.917900616644195,7.9903345709062705,4772907.0,1405746086.0,4.631468041019086,4.086006451635293,4.223365492994306,801317200466.7852,570.0298286064623,705832011965.5481
South Asia,SAS,2002,21.668112288570317,85.34399833531288,54.80412670936182,87.8854342942818,12.531267871858823,7.775407503364239,4772907.0,1429513552.0,5.160971692840183,4.356620558681418,4.551400942907501,831413645726.3835,581.6059907673989,734294348476.804
South Asia,SAS,2003,21.45382239577475,95.75373746351633,54.88374275886792,95.64060628291229,11.26783239351176,8.137270680265061,4772907.0,1453111368.0,4.746298354691592,4.331046018095157,4.471620978511055,892122720576.6558,613.939674702659,787382573999.2872
South Asia,SAS,2004,21.113572709660712,94.24504299549935,54.81004455041306,94.69153096630104,10.634769602536277,6.690374736977625,4771224.0,1476314527.0,4.6647588801787,4.160233264861796,4.319530881806933,960257792892.3282,650.4425549775331,833119620720.435
South Asia,SAS,2005,21.062560322576257,100.5033307394565,54.80983496058873,100.38558676599115,9.907961430536869,5.795134760248887,4771224.0,1498995049.0,5.622351007218805,4.2267466802165465,4.661468069562975,1044617146261.1432,696.8783165481577,902374303884.8743
South Asia,SAS,2006,19.849204310354644,105.25162626504424,54.85741185071169,104.92288226770731,9.563697927173031,5.517828746089086,4771224.0,1521155564.0,5.285068471156396,4.177905728440657,4.483841737849468,1135403126942.9417,746.4082923624909,975688125240.052
South Asia,SAS,2007,19.000262856978033,114.32462607735471,54.699590712991046,113.19010011793983,10.201408519522406,5.996525582757512,4771224.0,1542806515.0,4.506407552724142,3.8563239998388497,4.102284346472757,1237757483020.2512,802.2765466609734,1064979840620.6034
South Asia,SAS,2008,18.87192324445207,116.50430055181647,54.6000355464342,116.36039070482902,12.151938255232317,4.650434043947168,4771224.0,1564144995.0,4.831604529764427,4.065309221029547,4.322276969028191,1285688519055.3318,821.975279251737,1085806704732.1682
South Asia,SAS,2009,18.667006584980896,113.49486914804987,54.659349466719654,114.99197487700359,10.432525573222893,6.185423397367582,4771224.0,1585462500.0,4.733644331051662,4.051241369576308,4.183115299423041,1384670056628.128,873.3540254834965,1205345748224.3845
South Asia,SAS,2010,18.22595335375039,122.94488211621494,54.64342064007056,122.4627413018243,10.616589577994754,6.1171543824202885,4771224.0,1606838890.0,4.899919020945522,3.505829006576553,3.8278075814606742,1511070423648.0132,940.3994594928015,1304245805152.4365
South Asia,SAS,2011,17.383395871929665,131.63661749139894,54.65955905654398,128.92296801204867,11.469356267825402,5.70829849776536,4771224.0,1628377343.0,4.836192392443223,3.4293719944241916,3.755170770970207,1606634500325.518,986.6475404070505,1343268661686.2175
South Asia,SAS,2012,17.008678265070834,126.70566416909722,,127.02921401587787,12.247583423438892,5.480342067567396,4771224.0,1649249388.0,4.641925014351117,3.3450290249532295,3.7559576415848683,1684779724700.4949,1021.5433378111369,1415360381932.0757
South Asia,SAS,2013,,,,,,,,,,,,,,
Sub-Saharan Africa (all income levels),SSF,1990,,59.070046987867585,42.424066124705725,60.185007258452366,,,23717831.0,507235211.0,,,,404950930284.709,798.3494077360276,243875876679.1915
Sub-Saharan Africa (all income levels),SSF,1991,28.982083482090733,64.30682174360281,42.510699255120215,64.33526690750882,,,23717831.0,521441494.0,9.233790643848293,7.515433995625829,8.267410926204532,405221099544.6646,777.1170959875024,248098622432.42557
Sub-Saharan Africa (all income levels),SSF,1992,28.151574263746106,63.72291409230624,42.65106525087977,64.2342562428124,,,23717831.0,535975278.0,9.154282281077705,7.527024733340505,8.24573469681167,399808538633.34393,745.945858035161,245061723352.54004
Sub-Saharan Africa (all income levels),SSF,1993,27.90923993071194,66.50099389366052,42.097688720387595,66.30297123731035,,,23616831.0,550823137.0,9.303319283988309,7.793608811160012,8.447813377294194,401079339750.4724,728.1454114925322,250007960808.81934
Sub-Saharan Africa (all income levels),SSF,1994,32.55036892998682,68.5368076854726,42.300891258441915,68.20285697538623,,,23616831.0,565977038.0,8.837769371749447,7.277355963183461,7.9681923338367096,409242755499.4049,723.0730719139261,258609056380.92892
Sub-Saharan Africa (all income levels),SSF,1995,31.697323736806307,69.26420684051848,42.461031287389915,68.87251566994918,,11.879148704072886,23616831.0,581426628.0,8.678026610374758,7.031508979462965,7.773322102866425,423229264934.1156,727.9151737338656,266799961081.003
Sub-Saharan Africa (all income levels),SSF,1996,30.933015717134097,74.91085154293462,42.526789474845295,73.42019876717293,17.315393144180124,12.435107369667367,23616831.0,597199351.0,9.309790081447947,7.48359531934126,8.294779108983963,444810515806.32074,744.8275271255624,284063870179.1097
Sub-Saharan Africa (all income levels),SSF,1997,30.29685822737369,75.77069302439342,42.644840876407166,74.45839727543343,16.66657458072216,11.917645393376986,23616831.0,613321326.0,9.433603073961926,7.469724848539451,8.344636241651072,461355045893.83734,752.2240403782035,297421658903.31
Sub-Saharan Africa (all income levels),SSF,1998,29.577408006678375,78.94780510179976,42.83114868375016,77.45790815837381,16.530481770681362,12.257996620250438,23616831.0,629832485.0,9.537780658716416,7.505449163390075,8.418471198938885,472146298737.775,749.63789576172,304097446557.0595
Sub-Saharan Africa (all income levels),SSF,1999,29.178559198537663,81.82389707929877,42.994252700542255,80.74964919710035,16.368628352507542,13.226814044524959,23616831.0,646793699.0,9.715115138286075,7.569856488300737,8.522993708399227,483742480706.5989,747.9084620869179,308893336059.8365
Sub-Saharan Africa (all income levels),SSF,2000,28.75247283864436,82.76898489629693,43.1173005387556,82.34755619368117,13.784951272846092,12.228095243982764,23616831.0,664247421.0,9.69496620891929,7.885074794407572,8.7115018690453,500686973417.61346,753.7657770109934,315733636829.04816
Sub-Saharan Africa (all income levels),SSF,2001,28.551993503647644,85.06638458491564,43.346120400319585,84.92706131098419,14.123125260914733,12.778711269839908,23616831.0,681998984.0,9.61676576361603,7.8497291414725385,8.658373847265793,520059025785.74286,762.5510271812118,313561973875.27515
Sub-Saharan Africa (all income levels),SSF,2002,27.928282377395306,88.14539999072994,43.49042426564343,88.78965294820499,13.503463020953008,13.01565238959553,23616831.0,700219447.0,9.456707292419082,7.74838975298208,8.534425391444179,540146844726.1767,771.3965201057558,292730026916.88416
Sub-Saharan Africa (all income levels),SSF,2003,27.330800643341206,91.71048954114946,43.77733828895164,92.4529417195857,13.96389396586638,12.54663646649452,23616831.0,718658269.0,9.240223037563354,7.569870773583363,8.314095527543962,563564071655.8695,784.1892259029577,307573117646.7063
Sub-Saharan Africa (all income levels),SSF,2004,26.26567591379451,95.49915355684422,43.84839269925757,95.8977712935925,,11.012308953139915,23616831.0,737664781.0,8.701502604488361,7.204689527995959,7.894853605108936,617767575612.3756,837.4638338771058,357932458015.5278
Sub-Saharan Africa (all income levels),SSF,2005,25.35912419917296,100.58179460892097,44.314935818442365,100.32985187799534,,10.1663528640706,23616831.0,757273387.0,8.388847447639526,6.9557424750616255,7.612440621860535,652101675784.4873,861.1179093033244,472747649181.4993
Sub-Saharan Africa (all income levels),SSF,2006,24.572604655523286,103.91905183423482,44.44551218577971,103.7723768284121,11.184340864427249,11.148445235839159,23616831.0,777498910.0,8.50966993103654,6.892387276595768,7.635319964862177,695971520023.6709,895.1414736049867,594663158189.9141
Sub-Saharan Africa (all income levels),SSF,2007,24.17876198761549,101.31780482888037,44.54287664589716,103.26600789302931,11.370022319427578,11.38128549632262,23616831.0,798343687.0,8.222100645637697,6.823432679285041,7.471263521968765,744813154720.7024,932.9480107991415,606930414809.1583
Sub-Saharan Africa (all income levels),SSF,2008,23.779731230670357,108.38422616168091,44.77347278303342,109.90312884854282,11.24993594177768,10.559783889459865,23616831.0,819825461.0,8.393183767879638,6.9809560011158664,7.630677603106748,781368380221.2646,953.0911363354994,570581375846.1898
Sub-Saharan Africa (all income levels),SSF,2009,23.12987628934364,107.15354676772427,44.72158013071271,109.74199458831748,14.218345765350117,12.09309459767202,23616831.0,841948793.0,8.326834534099392,7.064051670040202,7.657838024295394,797338284010.7908,947.0151755544957,169698599828.02158
Sub-Saharan Africa (all income levels),SSF,2010,22.728251054755617,115.74071366814493,44.90333609958085,117.39950256065018,13.676006924951048,11.103017650754415,23616831.0,864720652.0,8.261745973236259,6.982034116887789,7.57597650056359,837367589845.5466,968.3677473283552,614569702543.1672
Sub-Saharan Africa (all income levels),SSF,2011,22.215078911662406,118.57959931233349,43.76448728451332,120.35027170924417,11.902549776209378,14.10853882500589,23616831.0,888143015.0,8.320340923642718,6.9365396365043175,7.580521750145782,871455502938.3126,981.2107827457413,827402731529.7168
Sub-Saharan Africa (all income levels),SSF,2012,21.50064065715317,125.47565686577403,,126.56058414804342,13.179826010253288,12.469716487069597,23616831.0,912212311.0,8.290140139646917,6.969374341454135,7.561318991366506,908830003906.1984,996.292193107881,785898175890.8563
Sub-Saharan Africa (all income levels),SSF,2013,,,,,,,,,,,,,,
